시군구,단지명,전용면적,거래금액,층,건축년도,최고층,총세대수,용적률,건폐율,지하철도보거리,대형병원최소거리,마트최소거리,경과년수,월
경기도 성남분당구 구미동,LG트윈하우스,90,28900,6,1999,8,342,422,74,0.46,2.2,0.4,21,23
경기도 성남분당구 구미동,LG트윈하우스,90,30500,5,1999,8,342,422,74,0.46,2.2,0.4,22,28
경기도 성남분당구 구미동,LG트윈하우스,90,31000,8,1999,8,342,422,74,0.46,2.2,0.4,22,31
경기도 성남분당구 구미동,LG트윈하우스,90,30000,3,1999,8,342,422,74,0.46,2.2,0.4,22,36
경기도 성남분당구 구미동,노블빌리지(187-5),138,53700,7,2001,8,132,288,42,0.38,1.8,0.29,19,15
경기도 성남분당구 구미동,노블빌리지(187-5),138,51500,2,2001,8,132,288,42,0.38,1.8,0.29,19,19
경기도 성남분당구 구미동,노블빌리지(187-5),138,74500,1,2001,8,132,288,42,0.38,1.8,0.29,20,32
경기도 성남분당구 구미동,노블빌리지(187-5),138,75500,1,2001,8,132,288,42,0.38,1.8,0.29,20,32
경기도 성남분당구 구미동,노블빌리지(187-5),138,84500,6,2001,8,132,288,42,0.38,1.8,0.29,20,35
경기도 성남분당구 구미동,노블빌리지(187-5),138,87000,4,2001,8,132,288,42,0.38,1.8,0.29,20,36
경기도 성남분당구 구미동,분당현대벤쳐빌,139,47800,3,2001,8,236,500,68,0.04,1.2,0.23,20,25
경기도 성남분당구 구미동,시그마2 오피스텔,101,37500,3,1999,8,1094,364,47,0.55,1.8,0.51,22,25
경기도 성남분당구 구미동,시그마2 오피스텔,99,40000,8,1999,8,1094,364,47,0.55,1.8,0.51,22,31
경기도 성남분당구 구미동,시그마2 오피스텔,87,42500,1,1999,8,1094,364,47,0.55,1.8,0.51,22,33
경기도 성남분당구 구미동,시그마2 오피스텔,100,40000,8,1999,8,1094,364,47,0.55,1.8,0.51,22,34
경기도 성남분당구 구미동,시그마2 오피스텔,101,47000,3,1999,8,1094,364,47,0.55,1.8,0.51,22,35
경기도 성남분당구 구미동,LG트윈하우스,101,29000,5,1999,8,342,422,74,0.46,2.2,0.4,20,7
경기도 성남분당구 구미동,LG트윈하우스,101,29300,8,1999,8,342,422,74,0.46,2.2,0.4,20,8
경기도 성남분당구 구미동,노블빌리지(187-5),138,60000,4,2001,8,132,288,42,0.38,1.8,0.29,18,8
경기도 성남분당구 구미동,노블빌리지(187-5),138,52500,8,2001,8,132,288,42,0.38,1.8,0.29,18,9
경기도 성남분당구 구미동,노블빌리지(187-9),142,55500,7,2001,8,32,234,32,0.203,1.7,0.337,18,7
경기도 성남분당구 구미동,노블빌리지(187-9),142,56000,6,2001,8,32,234,32,0.203,1.7,0.337,18,7
경기도 성남분당구 구미동,노블빌리지(187-9),142,56000,5,2001,8,32,234,32,0.203,1.7,0.337,18,8
경기도 성남분당구 구미동,시그마2 오피스텔,101,42500,6,1999,8,1094,364,47,0.55,1.8,0.51,20,10
경기도 성남분당구 금곡동,코오롱트리폴리스Ⅰ,90,54000,22,2001,37,1116,930,71,0.2,1.6,0.28,19,14
경기도 성남분당구 금곡동,코오롱트리폴리스Ⅰ,120,57000,17,2001,37,1116,930,71,0.2,1.6,0.28,19,16
경기도 성남분당구 금곡동,코오롱트리폴리스Ⅰ,157,67000,30,2001,37,1116,930,71,0.2,1.6,0.28,19,17
경기도 성남분당구 금곡동,코오롱트리폴리스Ⅰ,171,73000,23,2001,37,1116,930,71,0.2,1.6,0.28,19,18
경기도 성남분당구 금곡동,코오롱트리폴리스Ⅰ,91,52500,30,2001,37,1116,930,71,0.2,1.6,0.28,19,18
경기도 성남분당구 금곡동,코오롱트리폴리스Ⅰ,140,67000,31,2001,37,1116,930,71,0.2,1.6,0.28,19,19
경기도 성남분당구 금곡동,코오롱트리폴리스Ⅰ,120,65000,24,2001,37,1116,930,71,0.2,1.6,0.28,19,22
경기도 성남분당구 금곡동,코오롱트리폴리스Ⅰ,156,63000,6,2001,37,1116,930,71,0.2,1.6,0.28,19,22
경기도 성남분당구 금곡동,코오롱트리폴리스Ⅰ,120,64500,11,2001,37,1116,930,71,0.2,1.6,0.28,19,23
경기도 성남분당구 금곡동,코오롱트리폴리스Ⅰ,156,70000,10,2001,37,1116,930,71,0.2,1.6,0.28,19,23
경기도 성남분당구 금곡동,코오롱트리폴리스Ⅰ,91,52500,8,2001,37,1116,930,71,0.2,1.6,0.28,19,24
경기도 성남분당구 금곡동,코오롱트리폴리스Ⅰ,91,55300,26,2001,37,1116,930,71,0.2,1.6,0.28,20,25
경기도 성남분당구 금곡동,코오롱트리폴리스Ⅰ,91,54000,24,2001,37,1116,930,71,0.2,1.6,0.28,20,25
경기도 성남분당구 금곡동,코오롱트리폴리스Ⅰ,211,97000,33,2001,37,1116,930,71,0.2,1.6,0.28,20,25
경기도 성남분당구 금곡동,코오롱트리폴리스Ⅰ,90,55000,27,2001,37,1116,930,71,0.2,1.6,0.28,20,27
경기도 성남분당구 금곡동,코오롱트리폴리스Ⅰ,120,72000,34,2001,37,1116,930,71,0.2,1.6,0.28,20,29
경기도 성남분당구 금곡동,코오롱트리폴리스Ⅰ,90,59700,12,2001,37,1116,930,71,0.2,1.6,0.28,20,30
경기도 성남분당구 금곡동,코오롱트리폴리스Ⅰ,90,53300,7,2001,37,1116,930,71,0.2,1.6,0.28,20,30
경기도 성남분당구 금곡동,코오롱트리폴리스Ⅰ,95,56160,35,2001,37,1116,930,71,0.2,1.6,0.28,20,31
경기도 성남분당구 금곡동,코오롱트리폴리스Ⅰ,120,69900,21,2001,37,1116,930,71,0.2,1.6,0.28,20,31
경기도 성남분당구 금곡동,코오롱트리폴리스Ⅰ,120,71000,33,2001,37,1116,930,71,0.2,1.6,0.28,20,31
경기도 성남분당구 금곡동,코오롱트리폴리스Ⅰ,146,78000,18,2001,37,1116,930,71,0.2,1.6,0.28,20,31
경기도 성남분당구 금곡동,코오롱트리폴리스Ⅰ,120,80000,12,2001,37,1116,930,71,0.2,1.6,0.28,20,34
경기도 성남분당구 금곡동,코오롱트리폴리스Ⅰ,91,60124,22,2001,37,1116,930,71,0.2,1.6,0.28,20,34
경기도 성남분당구 금곡동,코오롱트리폴리스Ⅰ,90,65500,28,2001,37,1116,930,71,0.2,1.6,0.28,20,34
경기도 성남분당구 금곡동,코오롱트리폴리스Ⅰ,120,89900,33,2001,37,1116,930,71,0.2,1.6,0.28,20,36
경기도 성남분당구 금곡동,천사의도시 오피스텔,114,40000,5,2004,8,382,505,77,0.03,1.3,0.17,15,10
경기도 성남분당구 금곡동,천사의도시 오피스텔,117,39700,6,2004,8,382,505,77,0.03,1.3,0.17,15,10
경기도 성남분당구 금곡동,코오롱트리폴리스Ⅰ,156,55000,18,2001,37,1116,930,71,0.2,1.6,0.28,18,1
경기도 성남분당구 금곡동,코오롱트리폴리스Ⅰ,211,76000,29,2001,37,1116,930,71,0.2,1.6,0.28,18,2
경기도 성남분당구 금곡동,코오롱트리폴리스Ⅰ,157,70000,29,2001,37,1116,930,71,0.2,1.6,0.28,18,2
경기도 성남분당구 금곡동,코오롱트리폴리스Ⅰ,156,71000,21,2001,37,1116,930,71,0.2,1.6,0.28,18,3
경기도 성남분당구 금곡동,코오롱트리폴리스Ⅰ,171,75000,37,2001,37,1116,930,71,0.2,1.6,0.28,18,5
경기도 성남분당구 금곡동,코오롱트리폴리스Ⅰ,101,52700,5,2001,37,1116,930,71,0.2,1.6,0.28,18,5
경기도 성남분당구 금곡동,코오롱트리폴리스Ⅰ,120,65000,31,2001,37,1116,930,71,0.2,1.6,0.28,18,6
경기도 성남분당구 금곡동,코오롱트리폴리스Ⅰ,90,49900,26,2001,37,1116,930,71,0.2,1.6,0.28,18,6
경기도 성남분당구 금곡동,코오롱트리폴리스Ⅰ,120,62900,29,2001,37,1116,930,71,0.2,1.6,0.28,18,8
경기도 성남분당구 금곡동,코오롱트리폴리스Ⅰ,120,59000,21,2001,37,1116,930,71,0.2,1.6,0.28,18,10
경기도 성남분당구 금곡동,코오롱트리폴리스Ⅰ,211,74723,34,2001,37,1116,930,71,0.2,1.6,0.28,18,10
경기도 성남분당구 서현동,분당풍림아이원플러스오피스텔,143,48800,24,2004,24,1968,877,75,0.47,0.11,0.36,16,13
경기도 성남분당구 서현동,분당풍림아이원플러스오피스텔,143,50000,23,2004,24,1968,877,75,0.47,0.11,0.36,16,14
경기도 성남분당구 서현동,분당풍림아이원플러스오피스텔,143,46700,14,2004,24,1968,877,75,0.47,0.11,0.36,16,15
경기도 성남분당구 서현동,분당풍림아이원플러스오피스텔,89,24000,14,2004,24,1968,877,75,0.47,0.11,0.36,16,18
경기도 성남분당구 서현동,분당풍림아이원플러스오피스텔,89,30500,24,2004,24,1968,877,75,0.47,0.11,0.36,16,21
경기도 성남분당구 서현동,분당풍림아이원플러스오피스텔,143,49700,21,2004,24,1968,877,75,0.47,0.11,0.36,16,22
경기도 성남분당구 서현동,분당풍림아이원플러스오피스텔,118,36000,15,2004,24,1968,877,75,0.47,0.11,0.36,16,22
경기도 성남분당구 서현동,분당풍림아이원플러스오피스텔,102,39500,24,2004,24,1968,877,75,0.47,0.11,0.36,16,23
경기도 성남분당구 서현동,분당풍림아이원플러스오피스텔,148,57500,24,2004,24,1968,877,75,0.47,0.11,0.36,17,28
경기도 성남분당구 서현동,분당풍림아이원플러스오피스텔,143,49700,13,2004,24,1968,877,75,0.47,0.11,0.36,17,29
경기도 성남분당구 서현동,분당풍림아이원플러스오피스텔,143,49000,23,2004,24,1968,877,75,0.47,0.11,0.36,17,29
경기도 성남분당구 서현동,분당풍림아이원플러스오피스텔,143,49000,14,2004,24,1968,877,75,0.47,0.11,0.36,17,30
경기도 성남분당구 서현동,분당풍림아이원플러스오피스텔,118,41000,24,2004,24,1968,877,75,0.47,0.11,0.36,17,30
경기도 성남분당구 서현동,분당풍림아이원플러스오피스텔,89,31000,22,2004,24,1968,877,75,0.47,0.11,0.36,17,30
경기도 성남분당구 서현동,분당풍림아이원플러스오피스텔,143,49500,15,2004,24,1968,877,75,0.47,0.11,0.36,17,31
경기도 성남분당구 서현동,분당풍림아이원플러스오피스텔,143,55000,21,2004,24,1968,877,75,0.47,0.11,0.36,17,31
경기도 성남분당구 서현동,분당풍림아이원플러스오피스텔,143,52000,19,2004,24,1968,877,75,0.47,0.11,0.36,17,31
경기도 성남분당구 서현동,분당풍림아이원플러스오피스텔,143,54000,22,2004,24,1968,877,75,0.47,0.11,0.36,17,31
경기도 성남분당구 서현동,분당풍림아이원플러스오피스텔,143,52500,16,2004,24,1968,877,75,0.47,0.11,0.36,17,31
경기도 성남분당구 서현동,분당풍림아이원플러스오피스텔,148,62000,24,2004,24,1968,877,75,0.47,0.11,0.36,17,31
경기도 성남분당구 서현동,분당풍림아이원플러스오피스텔,118,41800,19,2004,24,1968,877,75,0.47,0.11,0.36,17,31
경기도 성남분당구 서현동,분당풍림아이원플러스오피스텔,143,51500,18,2004,24,1968,877,75,0.47,0.11,0.36,17,32
경기도 성남분당구 서현동,분당풍림아이원플러스오피스텔,118,41000,22,2004,24,1968,877,75,0.47,0.11,0.36,17,33
경기도 성남분당구 서현동,분당풍림아이원플러스오피스텔,118,42400,16,2004,24,1968,877,75,0.47,0.11,0.36,17,34
경기도 성남분당구 서현동,분당풍림아이원플러스오피스텔,143,58500,20,2004,24,1968,877,75,0.47,0.11,0.36,17,34
경기도 성남분당구 서현동,분당풍림아이원플러스오피스텔,89,29000,5,2004,24,1968,877,75,0.47,0.11,0.36,17,34
경기도 성남분당구 서현동,분당풍림아이원플러스오피스텔,89,32000,12,2004,24,1968,877,75,0.47,0.11,0.36,17,35
경기도 성남분당구 서현동,분당풍림아이원플러스오피스텔,148,70000,24,2004,24,1968,877,75,0.47,0.11,0.36,17,35
경기도 성남분당구 서현동,지엔느 오피스텔,94,43000,4,2003,5,51,249,68,0.17,0.56,0.21,17,15
경기도 성남분당구 서현동,지엔느 오피스텔,109,52000,5,2003,5,51,249,68,0.17,0.56,0.21,17,22
경기도 성남분당구 서현동,지엔느 오피스텔,100,45000,4,2003,5,51,249,68,0.17,0.56,0.21,17,23
경기도 성남분당구 서현동,지엔느 오피스텔,109,52500,5,2003,5,51,249,68,0.17,0.56,0.21,18,26
경기도 성남분당구 서현동,지엔느 오피스텔,95,35500,3,2003,5,51,249,68,0.17,0.56,0.21,18,28
경기도 성남분당구 서현동,지엔느 오피스텔,94,51000,5,2003,5,51,249,68,0.17,0.56,0.21,18,31
경기도 성남분당구 서현동,지엔느 오피스텔,95,50000,4,2003,5,51,249,68,0.17,0.56,0.21,18,34
경기도 성남분당구 서현동,지엔느 오피스텔,100,58500,3,2003,5,51,249,68,0.17,0.56,0.21,18,35
경기도 성남분당구 서현동,분당풍림아이원플러스오피스텔,120,41000,13,2004,24,1968,877,75,0.47,0.11,0.36,15,8
경기도 성남분당구 서현동,분당풍림아이원플러스오피스텔,118,39500,17,2004,24,1968,877,75,0.47,0.11,0.36,15,9
경기도 성남분당구 서현동,분당풍림아이원플러스오피스텔,118,35800,16,2004,24,1968,877,75,0.47,0.11,0.36,15,11
경기도 성남분당구 서현동,지엔느 오피스텔,94,41800,4,2003,5,51,249,68,0.17,0.56,0.21,16,2
경기도 성남분당구 서현동,지엔느 오피스텔,95,41000,3,2003,5,51,249,68,0.17,0.56,0.21,16,3
경기도 성남분당구 서현동,지엔느 오피스텔,94,43500,4,2003,5,51,249,68,0.17,0.56,0.21,16,8
경기도 성남분당구 서현동,지엔느 오피스텔,95,43500,4,2003,5,51,249,68,0.17,0.56,0.21,16,10
경기도 성남분당구 서현동,지엔느 오피스텔,100,47800,3,2003,5,51,249,68,0.17,0.56,0.21,16,11
경기도 성남분당구 수내동,로얄팰리스 하우스빌,117,52800,22,2004,31,756,1262,78,0.38,1.6,0.33,16,18
경기도 성남분당구 수내동,로얄팰리스 하우스빌,117,57500,22,2004,31,756,1262,78,0.38,1.6,0.33,17,25
경기도 성남분당구 수내동,로얄팰리스 하우스빌,117,70000,25,2004,31,756,1262,78,0.38,1.6,0.33,17,32
경기도 성남분당구 수내동,분당 수내동 그라테아,88,37000,12,2004,12,194,885,79,0.38,1,0.29,17,27
경기도 성남분당구 수내동,분당 수내동 그라테아,88,37000,12,2004,12,194,885,79,0.38,1,0.29,17,34
경기도 성남분당구 수내동,분당 수내동 그라테아,88,39000,12,2004,12,194,885,79,0.38,1,0.29,17,35
경기도 성남분당구 수내동,분당 트라팰리스,88,53500,8,2004,11,682,604,77,0.12,1.2,0.12,16,24
경기도 성남분당구 수내동,분당 트라팰리스,88,53000,11,2004,11,682,604,77,0.12,1.2,0.12,17,25
경기도 성남분당구 수내동,분당 트라팰리스,88,58800,5,2004,11,682,604,77,0.12,1.2,0.12,17,29
경기도 성남분당구 수내동,분당 트라팰리스,88,50000,9,2004,11,682,604,77,0.12,1.2,0.12,17,30
경기도 성남분당구 수내동,분당 트라팰리스,88,56000,5,2004,11,682,604,77,0.12,1.2,0.12,17,35
경기도 성남분당구 수내동,삼라마이다스빌,111,44800,3,2004,12,77,876,79,0.13,1.4,0.18,16,18
경기도 성남분당구 수내동,삼라마이다스빌,111,52500,7,2004,12,77,876,79,0.13,1.4,0.18,16,20
경기도 성남분당구 수내동,삼라마이다스빌,111,52200,7,2004,12,77,876,79,0.13,1.4,0.18,16,21
경기도 성남분당구 수내동,삼라마이다스빌,111,56500,10,2004,12,77,876,79,0.13,1.4,0.18,16,24
경기도 성남분당구 수내동,삼라마이다스빌,116,52300,3,2004,12,77,876,79,0.13,1.4,0.18,17,26
경기도 성남분당구 수내동,삼라마이다스빌,111,50000,9,2004,12,77,876,79,0.13,1.4,0.18,17,32
경기도 성남분당구 수내동,삼라마이다스빌,116,58000,11,2004,12,77,876,79,0.13,1.4,0.18,17,32
경기도 성남분당구 수내동,삼라마이다스빌,111,49000,8,2004,12,77,876,79,0.13,1.4,0.18,17,33
경기도 성남분당구 수내동,청구블루빌,89,34000,12,2000,12,394,687,73,0.107,1.3,0.105,20,13
경기도 성남분당구 수내동,청구블루빌,89,33300,2,2000,12,394,687,73,0.107,1.3,0.105,20,19
경기도 성남분당구 수내동,청구블루빌,153,48500,7,2000,12,394,687,73,0.107,1.3,0.105,20,22
경기도 성남분당구 수내동,청구블루빌,153,49000,9,2000,12,394,687,73,0.107,1.3,0.105,20,24
경기도 성남분당구 수내동,청구블루빌,129,52000,11,2000,12,394,687,73,0.107,1.3,0.105,21,30
경기도 성남분당구 수내동,청구블루빌,129,47950,3,2000,12,394,687,73,0.107,1.3,0.105,21,31
경기도 성남분당구 수내동,청구블루빌,153,55000,11,2000,12,394,687,73,0.107,1.3,0.105,21,31
경기도 성남분당구 수내동,청구블루빌,129,59900,10,2000,12,394,687,73,0.107,1.3,0.105,21,32
경기도 성남분당구 수내동,청구블루빌,153,58000,8,2000,12,394,687,73,0.107,1.3,0.105,21,33
경기도 성남분당구 수내동,청구블루빌,153,59000,2,2000,12,394,687,73,0.107,1.3,0.105,21,34
경기도 성남분당구 수내동,판테온I오피스텔,92,60000,20,2000,27,359,1290,80,0.228,1.4,0.226,20,14
경기도 성남분당구 수내동,판테온I오피스텔,164,63500,10,2000,27,359,1290,80,0.228,1.4,0.226,20,14
경기도 성남분당구 수내동,판테온I오피스텔,164,69000,16,2000,27,359,1290,80,0.228,1.4,0.226,20,16
경기도 성남분당구 수내동,판테온I오피스텔,164,70000,22,2000,27,359,1290,80,0.228,1.4,0.226,20,19
경기도 성남분당구 수내동,판테온I오피스텔,164,76500,21,2000,27,359,1290,80,0.228,1.4,0.226,20,20
경기도 성남분당구 수내동,판테온I오피스텔,140,71500,21,2000,27,359,1290,80,0.228,1.4,0.226,20,20
경기도 성남분당구 수내동,판테온I오피스텔,140,73000,19,2000,27,359,1290,80,0.228,1.4,0.226,20,20
경기도 성남분당구 수내동,판테온I오피스텔,140,68000,7,2000,27,359,1290,80,0.228,1.4,0.226,20,20
경기도 성남분당구 수내동,판테온I오피스텔,164,62000,8,2000,27,359,1290,80,0.228,1.4,0.226,20,20
경기도 성남분당구 수내동,판테온I오피스텔,164,72500,18,2000,27,359,1290,80,0.228,1.4,0.226,20,21
경기도 성남분당구 수내동,판테온I오피스텔,140,72000,25,2000,27,359,1290,80,0.228,1.4,0.226,20,21
경기도 성남분당구 수내동,판테온I오피스텔,140,68500,16,2000,27,359,1290,80,0.228,1.4,0.226,20,21
경기도 성남분당구 수내동,판테온I오피스텔,94,58000,11,2000,27,359,1290,80,0.228,1.4,0.226,20,21
경기도 성남분당구 수내동,판테온I오피스텔,140,71500,26,2000,27,359,1290,80,0.228,1.4,0.226,20,22
경기도 성남분당구 수내동,판테온I오피스텔,94,60000,16,2000,27,359,1290,80,0.228,1.4,0.226,20,22
경기도 성남분당구 수내동,판테온I오피스텔,94,59500,17,2000,27,359,1290,80,0.228,1.4,0.226,20,22
경기도 성남분당구 수내동,판테온I오피스텔,94,61000,14,2000,27,359,1290,80,0.228,1.4,0.226,20,23
경기도 성남분당구 수내동,판테온I오피스텔,135,73900,6,2000,27,359,1290,80,0.228,1.4,0.226,20,23
경기도 성남분당구 수내동,판테온I오피스텔,140,72000,15,2000,27,359,1290,80,0.228,1.4,0.226,20,24
경기도 성남분당구 수내동,판테온I오피스텔,164,72000,16,2000,27,359,1290,80,0.228,1.4,0.226,20,24
경기도 성남분당구 수내동,판테온I오피스텔,140,75000,14,2000,27,359,1290,80,0.228,1.4,0.226,20,24
경기도 성남분당구 수내동,판테온I오피스텔,92,67500,22,2000,27,359,1290,80,0.228,1.4,0.226,21,26
경기도 성남분당구 수내동,판테온I오피스텔,140,75500,8,2000,27,359,1290,80,0.228,1.4,0.226,21,26
경기도 성남분당구 수내동,판테온I오피스텔,135,73000,6,2000,27,359,1290,80,0.228,1.4,0.226,21,26
경기도 성남분당구 수내동,판테온I오피스텔,135,77800,18,2000,27,359,1290,80,0.228,1.4,0.226,21,27
경기도 성남분당구 수내동,판테온I오피스텔,94,69000,13,2000,27,359,1290,80,0.228,1.4,0.226,21,28
경기도 성남분당구 수내동,판테온I오피스텔,135,80750,18,2000,27,359,1290,80,0.228,1.4,0.226,21,29
경기도 성남분당구 수내동,판테온I오피스텔,135,80000,15,2000,27,359,1290,80,0.228,1.4,0.226,21,29
경기도 성남분당구 수내동,판테온I오피스텔,135,80700,17,2000,27,359,1290,80,0.228,1.4,0.226,21,30
경기도 성남분당구 수내동,판테온I오피스텔,164,86000,12,2000,27,359,1290,80,0.228,1.4,0.226,21,30
경기도 성남분당구 수내동,판테온I오피스텔,140,80000,8,2000,27,359,1290,80,0.228,1.4,0.226,21,30
경기도 성남분당구 수내동,판테온I오피스텔,140,85000,14,2000,27,359,1290,80,0.228,1.4,0.226,21,30
경기도 성남분당구 수내동,판테온I오피스텔,140,85000,21,2000,27,359,1290,80,0.228,1.4,0.226,21,30
경기도 성남분당구 수내동,판테온I오피스텔,140,79000,9,2000,27,359,1290,80,0.228,1.4,0.226,21,31
경기도 성남분당구 수내동,판테온I오피스텔,164,92000,11,2000,27,359,1290,80,0.228,1.4,0.226,21,31
경기도 성남분당구 수내동,판테온I오피스텔,135,94000,26,2000,27,359,1290,80,0.228,1.4,0.226,21,32
경기도 성남분당구 수내동,판테온I오피스텔,136,85500,22,2000,27,359,1290,80,0.228,1.4,0.226,21,32
경기도 성남분당구 수내동,판테온I오피스텔,140,90000,9,2000,27,359,1290,80,0.228,1.4,0.226,21,35
경기도 성남분당구 수내동,판테온I오피스텔,164,112000,15,2000,27,359,1290,80,0.228,1.4,0.226,21,35
경기도 성남분당구 수내동,삼라마이다스빌,111,48800,6,2004,12,77,876,79,0.13,1.4,0.18,15,9
경기도 성남분당구 수내동,삼라마이다스빌,111,51250,9,2004,12,77,876,79,0.13,1.4,0.18,15,10
경기도 성남분당구 수내동,청구블루빌,153,47000,7,2000,12,394,687,73,0.107,1.3,0.105,19,1
경기도 성남분당구 수내동,청구블루빌,89,34200,5,2000,12,394,687,73,0.107,1.3,0.105,19,6
경기도 성남분당구 수내동,판테온I오피스텔,140,65400,23,2000,27,359,1290,80,0.228,1.4,0.226,19,1
경기도 성남분당구 수내동,판테온I오피스텔,140,64500,12,2000,27,359,1290,80,0.228,1.4,0.226,19,1
경기도 성남분당구 수내동,판테온I오피스텔,94,59500,15,2000,27,359,1290,80,0.228,1.4,0.226,19,2
경기도 성남분당구 수내동,판테온I오피스텔,92,58000,25,2000,27,359,1290,80,0.228,1.4,0.226,19,2
경기도 성남분당구 수내동,판테온I오피스텔,135,63950,8,2000,27,359,1290,80,0.228,1.4,0.226,19,2
경기도 성남분당구 수내동,판테온I오피스텔,136,67500,22,2000,27,359,1290,80,0.228,1.4,0.226,19,3
경기도 성남분당구 수내동,판테온I오피스텔,140,65000,16,2000,27,359,1290,80,0.228,1.4,0.226,19,3
경기도 성남분당구 수내동,판테온I오피스텔,140,67500,20,2000,27,359,1290,80,0.228,1.4,0.226,19,4
경기도 성남분당구 수내동,판테온I오피스텔,135,65700,12,2000,27,359,1290,80,0.228,1.4,0.226,19,4
경기도 성남분당구 수내동,판테온I오피스텔,140,65300,14,2000,27,359,1290,80,0.228,1.4,0.226,19,4
경기도 성남분당구 수내동,판테온I오피스텔,140,64000,6,2000,27,359,1290,80,0.228,1.4,0.226,19,5
경기도 성남분당구 수내동,판테온I오피스텔,140,66000,8,2000,27,359,1290,80,0.228,1.4,0.226,19,6
경기도 성남분당구 수내동,판테온I오피스텔,135,69000,23,2000,27,359,1290,80,0.228,1.4,0.226,19,7
경기도 성남분당구 수내동,판테온I오피스텔,164,70500,13,2000,27,359,1290,80,0.228,1.4,0.226,19,7
경기도 성남분당구 수내동,판테온I오피스텔,135,67700,13,2000,27,359,1290,80,0.228,1.4,0.226,19,8
경기도 성남분당구 수내동,판테온I오피스텔,94,58500,13,2000,27,359,1290,80,0.228,1.4,0.226,19,8
경기도 성남분당구 수내동,판테온I오피스텔,164,69500,15,2000,27,359,1290,80,0.228,1.4,0.226,19,8
경기도 성남분당구 수내동,판테온I오피스텔,164,71500,26,2000,27,359,1290,80,0.228,1.4,0.226,19,8
경기도 성남분당구 수내동,판테온I오피스텔,135,69000,6,2000,27,359,1290,80,0.228,1.4,0.226,19,9
경기도 성남분당구 수내동,판테온I오피스텔,136,69500,25,2000,27,359,1290,80,0.228,1.4,0.226,19,10
경기도 성남분당구 야탑동,로잔티움파크,117,37000,2,2004,5,103,266,74,1.3,1.6,1.4,16,14
경기도 성남분당구 야탑동,로잔티움파크,117,40200,5,2004,5,103,266,74,1.3,1.6,1.4,16,22
경기도 성남분당구 야탑동,로잔티움파크,117,39500,5,2004,5,103,266,74,1.3,1.6,1.4,17,25
경기도 성남분당구 야탑동,로잔티움파크,117,43000,5,2004,5,103,266,74,1.3,1.6,1.4,17,27
경기도 성남분당구 야탑동,로잔티움파크,117,38500,3,2004,5,103,266,74,1.3,1.6,1.4,17,29
경기도 성남분당구 야탑동,로잔티움파크,117,45500,5,2004,5,103,266,74,1.3,1.6,1.4,17,34
경기도 성남분당구 야탑동,바움하우스,116,40300,2,2003,8,128,367,53,1.3,1.5,1.4,17,19
경기도 성남분당구 야탑동,바움하우스,116,44000,7,2003,8,128,367,53,1.3,1.5,1.4,17,20
경기도 성남분당구 야탑동,바움하우스,116,37300,1,2003,8,128,367,53,1.3,1.5,1.4,17,21
경기도 성남분당구 야탑동,바움하우스,116,39200,1,2003,8,128,367,53,1.3,1.5,1.4,17,22
경기도 성남분당구 야탑동,바움하우스,116,39800,2,2003,8,128,367,53,1.3,1.5,1.4,18,28
경기도 성남분당구 야탑동,바움하우스,116,44500,5,2003,8,128,367,53,1.3,1.5,1.4,18,30
경기도 성남분당구 야탑동,바움하우스,116,44800,4,2003,8,128,367,53,1.3,1.5,1.4,18,30
경기도 성남분당구 야탑동,바움하우스,116,43800,5,2003,8,128,367,53,1.3,1.5,1.4,18,30
경기도 성남분당구 야탑동,바움하우스,116,45000,7,2003,8,128,367,53,1.3,1.5,1.4,18,30
경기도 성남분당구 야탑동,바움하우스,116,43000,3,2003,8,128,367,53,1.3,1.5,1.4,18,30
경기도 성남분당구 야탑동,바움하우스,116,45000,5,2003,8,128,367,53,1.3,1.5,1.4,18,30
경기도 성남분당구 야탑동,바움하우스,116,44000,2,2003,8,128,367,53,1.3,1.5,1.4,18,31
경기도 성남분당구 야탑동,바움하우스,116,49000,8,2003,8,128,367,53,1.3,1.5,1.4,18,32
경기도 성남분당구 야탑동,바움하우스,116,55000,5,2003,8,128,367,53,1.3,1.5,1.4,18,35
경기도 성남분당구 야탑동,바움하우스,116,56000,8,2003,8,128,367,53,1.3,1.5,1.4,18,36
경기도 성남분당구 야탑동,아델파크빌,88,34000,7,2004,8,232,471,68,1.3,1.6,1.4,17,25
경기도 성남분당구 야탑동,아델파크빌,88,36000,7,2004,8,232,471,68,1.3,1.6,1.4,17,36
경기도 성남분당구 야탑동,야탑 브라운스톤 오피스텔,111,48000,6,2005,8,147,580,78,1.2,1.5,1.3,16,34
경기도 성남분당구 야탑동,엔즈 빌 오피스텔,90,28800,6,2003,8,271,515,78,0.329,0.262,0.24,17,14
경기도 성남분당구 야탑동,엔즈 빌 오피스텔,90,28300,8,2003,8,271,515,78,0.329,0.262,0.24,17,18
경기도 성남분당구 야탑동,엔즈 빌 오피스텔,90,28500,7,2003,8,271,515,78,0.329,0.262,0.24,17,20
경기도 성남분당구 야탑동,엔즈 빌 오피스텔,96,34000,8,2003,8,271,515,78,0.329,0.262,0.24,17,22
경기도 성남분당구 야탑동,엔즈 빌 오피스텔,90,27700,4,2003,8,271,515,78,0.329,0.262,0.24,18,26
경기도 성남분당구 야탑동,엔즈 빌 오피스텔,90,26800,6,2003,8,271,515,78,0.329,0.262,0.24,18,33
경기도 성남분당구 야탑동,로잔티움파크,117,41800,4,2004,5,103,266,74,1.3,1.6,1.4,15,4
경기도 성남분당구 야탑동,로잔티움파크,117,36000,4,2004,5,103,266,74,1.3,1.6,1.4,15,4
경기도 성남분당구 야탑동,로잔티움파크,117,38000,5,2004,5,103,266,74,1.3,1.6,1.4,15,4
경기도 성남분당구 야탑동,바움하우스,116,43400,8,2003,8,128,367,53,1.3,1.5,1.4,16,1
경기도 성남분당구 야탑동,바움하우스,116,41000,4,2003,8,128,367,53,1.3,1.5,1.4,16,2
경기도 성남분당구 야탑동,바움하우스,116,35000,1,2003,8,128,367,53,1.3,1.5,1.4,16,3
경기도 성남분당구 야탑동,바움하우스,116,40500,2,2003,8,128,367,53,1.3,1.5,1.4,16,5
경기도 성남분당구 야탑동,아델파크빌,88,32000,8,2004,8,232,471,68,1.3,1.6,1.4,15,10
경기도 성남분당구 정자동,로얄팰리스,159,80500,9,2003,32,566,738,63,0.482,1.7,0.481,17,17
경기도 성남분당구 정자동,로얄팰리스,166,89000,17,2003,32,566,738,63,0.482,1.7,0.481,17,19
경기도 성남분당구 정자동,로얄팰리스,166,89000,31,2003,32,566,738,63,0.482,1.7,0.481,17,21
경기도 성남분당구 정자동,로얄팰리스,166,89250,16,2003,32,566,738,63,0.482,1.7,0.481,17,21
경기도 성남분당구 정자동,로얄팰리스,159,90000,14,2003,32,566,738,63,0.482,1.7,0.481,17,23
경기도 성남분당구 정자동,로얄팰리스,166,91000,5,2003,32,566,738,63,0.482,1.7,0.481,17,24
경기도 성남분당구 정자동,로얄팰리스,166,95000,18,2003,32,566,738,63,0.482,1.7,0.481,18,28
경기도 성남분당구 정자동,로얄팰리스,166,93000,21,2003,32,566,738,63,0.482,1.7,0.481,18,29
경기도 성남분당구 정자동,로얄팰리스,159,108000,13,2003,32,566,738,63,0.482,1.7,0.481,18,30
경기도 성남분당구 정자동,로얄팰리스,159,135000,12,2003,32,566,738,63,0.482,1.7,0.481,18,36
경기도 성남분당구 정자동,로얄팰리스,159,130000,7,2003,32,566,738,63,0.482,1.7,0.481,18,36
경기도 성남분당구 정자동,백궁 동양파라곤,97,75000,29,2004,32,1113,956,76,0.148,2.3,1.3,16,17
경기도 성남분당구 정자동,분당두산위브파빌리온,96,68500,16,2005,33,1519,906,52,0.522,2.2,0.983,15,21
경기도 성남분당구 정자동,분당두산위브파빌리온,98,72500,7,2005,33,1519,906,52,0.522,2.2,0.983,15,21
경기도 성남분당구 정자동,분당두산위브파빌리온,105,75000,33,2005,33,1519,906,52,0.522,2.2,0.983,15,22
경기도 성남분당구 정자동,분당두산위브파빌리온,98,73000,29,2005,33,1519,906,52,0.522,2.2,0.983,15,23
경기도 성남분당구 정자동,분당두산위브파빌리온,96,69000,20,2005,33,1519,906,52,0.522,2.2,0.983,15,23
경기도 성남분당구 정자동,분당두산위브파빌리온,105,75000,30,2005,33,1519,906,52,0.522,2.2,0.983,15,23
경기도 성남분당구 정자동,분당두산위브파빌리온,96,68500,20,2005,33,1519,906,52,0.522,2.2,0.983,15,23
경기도 성남분당구 정자동,분당두산위브파빌리온,105,77000,13,2005,33,1519,906,52,0.522,2.2,0.983,15,23
경기도 성남분당구 정자동,분당두산위브파빌리온,96,68000,14,2005,33,1519,906,52,0.522,2.2,0.983,15,23
경기도 성남분당구 정자동,분당두산위브파빌리온,105,75500,19,2005,33,1519,906,52,0.522,2.2,0.983,15,24
경기도 성남분당구 정자동,분당두산위브파빌리온,105,85500,27,2005,33,1519,906,52,0.522,2.2,0.983,15,24
경기도 성남분당구 정자동,분당두산위브파빌리온,105,85000,18,2005,33,1519,906,52,0.522,2.2,0.983,15,24
경기도 성남분당구 정자동,분당두산위브파빌리온,96,67500,12,2005,33,1519,906,52,0.522,2.2,0.983,15,24
경기도 성남분당구 정자동,분당두산위브파빌리온,105,79600,4,2005,33,1519,906,52,0.522,2.2,0.983,15,24
경기도 성남분당구 정자동,분당두산위브파빌리온,96,69800,22,2005,33,1519,906,52,0.522,2.2,0.983,16,25
경기도 성남분당구 정자동,분당두산위브파빌리온,96,73500,24,2005,33,1519,906,52,0.522,2.2,0.983,16,25
경기도 성남분당구 정자동,분당두산위브파빌리온,96,74000,30,2005,33,1519,906,52,0.522,2.2,0.983,16,26
경기도 성남분당구 정자동,분당두산위브파빌리온,105,90000,17,2005,33,1519,906,52,0.522,2.2,0.983,16,26
경기도 성남분당구 정자동,분당두산위브파빌리온,96,73000,31,2005,33,1519,906,52,0.522,2.2,0.983,16,28
경기도 성남분당구 정자동,분당두산위브파빌리온,96,70000,25,2005,33,1519,906,52,0.522,2.2,0.983,16,29
경기도 성남분당구 정자동,분당두산위브파빌리온,96,68900,17,2005,33,1519,906,52,0.522,2.2,0.983,16,30
경기도 성남분당구 정자동,분당두산위브파빌리온,98,79500,33,2005,33,1519,906,52,0.522,2.2,0.983,16,30
경기도 성남분당구 정자동,분당두산위브파빌리온,96,74000,30,2005,33,1519,906,52,0.522,2.2,0.983,16,31
경기도 성남분당구 정자동,분당두산위브파빌리온,96,80000,29,2005,33,1519,906,52,0.522,2.2,0.983,16,31
경기도 성남분당구 정자동,분당두산위브파빌리온,96,72000,7,2005,33,1519,906,52,0.522,2.2,0.983,16,31
경기도 성남분당구 정자동,분당두산위브파빌리온,105,90500,24,2005,33,1519,906,52,0.522,2.2,0.983,16,31
경기도 성남분당구 정자동,분당두산위브파빌리온,96,80000,3,2005,33,1519,906,52,0.522,2.2,0.983,16,31
경기도 성남분당구 정자동,분당두산위브파빌리온,105,95000,28,2005,33,1519,906,52,0.522,2.2,0.983,16,31
경기도 성남분당구 정자동,분당두산위브파빌리온,98,84000,19,2005,33,1519,906,52,0.522,2.2,0.983,16,31
경기도 성남분당구 정자동,분당두산위브파빌리온,98,80000,4,2005,33,1519,906,52,0.522,2.2,0.983,16,32
경기도 성남분당구 정자동,분당두산위브파빌리온,96,85000,23,2005,33,1519,906,52,0.522,2.2,0.983,16,32
경기도 성남분당구 정자동,분당두산위브파빌리온,98,88500,15,2005,33,1519,906,52,0.522,2.2,0.983,16,33
경기도 성남분당구 정자동,분당두산위브파빌리온,105,113000,18,2005,33,1519,906,52,0.522,2.2,0.983,16,34
경기도 성남분당구 정자동,분당두산위브파빌리온,98,87500,3,2005,33,1519,906,52,0.522,2.2,0.983,16,34
경기도 성남분당구 정자동,분당두산위브파빌리온,98,89000,3,2005,33,1519,906,52,0.522,2.2,0.983,16,35
경기도 성남분당구 정자동,분당두산위브파빌리온,96,87500,12,2005,33,1519,906,52,0.522,2.2,0.983,16,35
경기도 성남분당구 정자동,분당두산위브파빌리온,105,120500,27,2005,33,1519,906,52,0.522,2.2,0.983,16,36
경기도 성남분당구 정자동,분당두산위브파빌리온,96,86000,13,2005,33,1519,906,52,0.522,2.2,0.983,16,36
경기도 성남분당구 정자동,분당두산위브파빌리온,105,121000,9,2005,33,1519,906,52,0.522,2.2,0.983,16,36
경기도 성남분당구 정자동,분당두산위브파빌리온,96,88000,15,2005,33,1519,906,52,0.522,2.2,0.983,16,36
경기도 성남분당구 정자동,정자 I′PARK,228,92000,19,2002,29,440,1000,77,0.432,1.7,0.431,18,16
경기도 성남분당구 정자동,정자 I′PARK,239,90000,22,2002,29,440,1000,77,0.432,1.7,0.431,18,17
경기도 성남분당구 정자동,정자 I′PARK,95,58000,15,2002,29,440,1000,77,0.432,1.7,0.431,18,18
경기도 성남분당구 정자동,정자 I′PARK,190,76000,22,2002,29,440,1000,77,0.432,1.7,0.431,18,18
경기도 성남분당구 정자동,정자 I′PARK,95,60000,26,2002,29,440,1000,77,0.432,1.7,0.431,18,18
경기도 성남분당구 정자동,정자 I′PARK,239,87000,15,2002,29,440,1000,77,0.432,1.7,0.431,18,19
경기도 성남분당구 정자동,정자 I′PARK,95,58000,25,2002,29,440,1000,77,0.432,1.7,0.431,18,19
경기도 성남분당구 정자동,정자 I′PARK,95,60000,25,2002,29,440,1000,77,0.432,1.7,0.431,18,19
경기도 성남분당구 정자동,정자 I′PARK,92,59800,8,2002,29,440,1000,77,0.432,1.7,0.431,18,20
경기도 성남분당구 정자동,정자 I′PARK,183,88000,10,2002,29,440,1000,77,0.432,1.7,0.431,18,20
경기도 성남분당구 정자동,정자 I′PARK,228,91000,9,2002,29,440,1000,77,0.432,1.7,0.431,18,20
경기도 성남분당구 정자동,정자 I′PARK,149,75000,16,2002,29,440,1000,77,0.432,1.7,0.431,18,20
경기도 성남분당구 정자동,정자 I′PARK,144,79000,27,2002,29,440,1000,77,0.432,1.7,0.431,18,21
경기도 성남분당구 정자동,정자 I′PARK,95,62000,18,2002,29,440,1000,77,0.432,1.7,0.431,18,21
경기도 성남분당구 정자동,정자 I′PARK,190,88000,29,2002,29,440,1000,77,0.432,1.7,0.431,18,21
경기도 성남분당구 정자동,정자 I′PARK,228,97000,25,2002,29,440,1000,77,0.432,1.7,0.431,18,22
경기도 성남분당구 정자동,정자 I′PARK,98,63000,26,2002,29,440,1000,77,0.432,1.7,0.431,18,22
경기도 성남분당구 정자동,정자 I′PARK,149,82000,9,2002,29,440,1000,77,0.432,1.7,0.431,18,22
경기도 성남분당구 정자동,정자 I′PARK,149,79500,22,2002,29,440,1000,77,0.432,1.7,0.431,18,22
경기도 성남분당구 정자동,정자 I′PARK,228,94000,21,2002,29,440,1000,77,0.432,1.7,0.431,18,23
경기도 성남분당구 정자동,정자 I′PARK,183,90000,13,2002,29,440,1000,77,0.432,1.7,0.431,18,23
경기도 성남분당구 정자동,정자 I′PARK,238,104000,23,2002,29,440,1000,77,0.432,1.7,0.431,18,24
경기도 성남분당구 정자동,정자 I′PARK,228,98500,17,2002,29,440,1000,77,0.432,1.7,0.431,18,24
경기도 성남분당구 정자동,정자 I′PARK,95,62100,12,2002,29,440,1000,77,0.432,1.7,0.431,18,24
경기도 성남분당구 정자동,정자 I′PARK,95,61000,10,2002,29,440,1000,77,0.432,1.7,0.431,18,24
경기도 성남분당구 정자동,정자 I′PARK,95,61500,18,2002,29,440,1000,77,0.432,1.7,0.431,19,25
경기도 성남분당구 정자동,정자 I′PARK,190,93000,8,2002,29,440,1000,77,0.432,1.7,0.431,19,26
경기도 성남분당구 정자동,정자 I′PARK,95,65000,22,2002,29,440,1000,77,0.432,1.7,0.431,19,26
경기도 성남분당구 정자동,정자 I′PARK,228,101500,18,2002,29,440,1000,77,0.432,1.7,0.431,19,26
경기도 성남분당구 정자동,정자 I′PARK,228,106500,27,2002,29,440,1000,77,0.432,1.7,0.431,19,27
경기도 성남분당구 정자동,정자 I′PARK,95,66000,20,2002,29,440,1000,77,0.432,1.7,0.431,19,28
경기도 성남분당구 정자동,정자 I′PARK,95,62700,16,2002,29,440,1000,77,0.432,1.7,0.431,19,28
경기도 성남분당구 정자동,정자 I′PARK,95,64000,13,2002,29,440,1000,77,0.432,1.7,0.431,19,28
경기도 성남분당구 정자동,정자 I′PARK,239,110000,7,2002,29,440,1000,77,0.432,1.7,0.431,19,29
경기도 성남분당구 정자동,정자 I′PARK,183,95000,12,2002,29,440,1000,77,0.432,1.7,0.431,19,29
경기도 성남분당구 정자동,정자 I′PARK,149,90500,17,2002,29,440,1000,77,0.432,1.7,0.431,19,29
경기도 성남분당구 정자동,정자 I′PARK,95,67500,9,2002,29,440,1000,77,0.432,1.7,0.431,19,29
경기도 성남분당구 정자동,정자 I′PARK,98,70000,20,2002,29,440,1000,77,0.432,1.7,0.431,19,29
경기도 성남분당구 정자동,정자 I′PARK,149,95000,25,2002,29,440,1000,77,0.432,1.7,0.431,19,30
경기도 성남분당구 정자동,정자 I′PARK,92,66500,27,2002,29,440,1000,77,0.432,1.7,0.431,19,30
경기도 성남분당구 정자동,정자 I′PARK,92,73000,28,2002,29,440,1000,77,0.432,1.7,0.431,19,30
경기도 성남분당구 정자동,정자 I′PARK,183,95000,25,2002,29,440,1000,77,0.432,1.7,0.431,19,30
경기도 성남분당구 정자동,정자 I′PARK,228,110000,18,2002,29,440,1000,77,0.432,1.7,0.431,19,30
경기도 성남분당구 정자동,정자 I′PARK,95,73000,24,2002,29,440,1000,77,0.432,1.7,0.431,19,30
경기도 성남분당구 정자동,정자 I′PARK,228,100000,6,2002,29,440,1000,77,0.432,1.7,0.431,19,30
경기도 성남분당구 정자동,정자 I′PARK,190,103000,18,2002,29,440,1000,77,0.432,1.7,0.431,19,31
경기도 성남분당구 정자동,정자 I′PARK,144,89000,6,2002,29,440,1000,77,0.432,1.7,0.431,19,31
경기도 성남분당구 정자동,정자 I′PARK,149,91700,11,2002,29,440,1000,77,0.432,1.7,0.431,19,31
경기도 성남분당구 정자동,정자 I′PARK,95,75000,25,2002,29,440,1000,77,0.432,1.7,0.431,19,31
경기도 성남분당구 정자동,정자 I′PARK,92,73000,28,2002,29,440,1000,77,0.432,1.7,0.431,19,31
경기도 성남분당구 정자동,정자 I′PARK,144,93500,7,2002,29,440,1000,77,0.432,1.7,0.431,19,31
경기도 성남분당구 정자동,정자 I′PARK,149,98000,13,2002,29,440,1000,77,0.432,1.7,0.431,19,32
경기도 성남분당구 정자동,정자 I′PARK,95,80000,13,2002,29,440,1000,77,0.432,1.7,0.431,19,33
경기도 성남분당구 정자동,정자 I′PARK,228,129000,11,2002,29,440,1000,77,0.432,1.7,0.431,19,33
경기도 성남분당구 정자동,정자 I′PARK,183,135000,23,2002,29,440,1000,77,0.432,1.7,0.431,19,34
경기도 성남분당구 정자동,정자 I′PARK,95,89500,24,2002,29,440,1000,77,0.432,1.7,0.431,19,35
경기도 성남분당구 정자동,정자 I′PARK,149,108000,21,2002,29,440,1000,77,0.432,1.7,0.431,19,35
경기도 성남분당구 정자동,정자 I′PARK,92,89000,27,2002,29,440,1000,77,0.432,1.7,0.431,19,35
경기도 성남분당구 정자동,정자 I′PARK,149,110000,11,2002,29,440,1000,77,0.432,1.7,0.431,19,35
경기도 성남분당구 정자동,정자 I′PARK,95,82800,10,2002,29,440,1000,77,0.432,1.7,0.431,19,35
경기도 성남분당구 정자동,정자 I′PARK,238,189000,24,2002,29,440,1000,77,0.432,1.7,0.431,19,36
경기도 성남분당구 정자동,정자 I′PARK,239,175000,7,2002,29,440,1000,77,0.432,1.7,0.431,19,36
경기도 성남분당구 정자동,정자 I′PARK,95,89800,10,2002,29,440,1000,77,0.432,1.7,0.431,19,36
경기도 성남분당구 정자동,타임브릿지,200,99500,8,2006,37,228,929,48,0.363,1.9,1.3,14,13
경기도 성남분당구 정자동,타임브릿지,148,98500,8,2006,37,228,929,48,0.363,1.9,1.3,14,14
경기도 성남분당구 정자동,타임브릿지,148,88000,10,2006,37,228,929,48,0.363,1.9,1.3,14,17
경기도 성남분당구 정자동,타임브릿지,148,108000,24,2006,37,228,929,48,0.363,1.9,1.3,14,19
경기도 성남분당구 정자동,타임브릿지,148,88000,30,2006,37,228,929,48,0.363,1.9,1.3,14,19
경기도 성남분당구 정자동,타임브릿지,200,99800,4,2006,37,228,929,48,0.363,1.9,1.3,14,19
경기도 성남분당구 정자동,타임브릿지,247,322000,37,2006,37,228,929,48,0.363,1.9,1.3,14,19
경기도 성남분당구 정자동,타임브릿지,201,109000,3,2006,37,228,929,48,0.363,1.9,1.3,14,20
경기도 성남분당구 정자동,타임브릿지,171,80000,29,2006,37,228,929,48,0.363,1.9,1.3,14,23
경기도 성남분당구 정자동,타임브릿지,148,89500,21,2006,37,228,929,48,0.363,1.9,1.3,14,23
경기도 성남분당구 정자동,타임브릿지,203,165000,28,2006,37,228,929,48,0.363,1.9,1.3,14,23
경기도 성남분당구 정자동,타임브릿지,148,88000,11,2006,37,228,929,48,0.363,1.9,1.3,14,23
경기도 성남분당구 정자동,타임브릿지,148,88000,13,2006,37,228,929,48,0.363,1.9,1.3,14,23
경기도 성남분당구 정자동,타임브릿지,201,125000,35,2006,37,228,929,48,0.363,1.9,1.3,14,23
경기도 성남분당구 정자동,타임브릿지,148,99000,29,2006,37,228,929,48,0.363,1.9,1.3,14,24
경기도 성남분당구 정자동,타임브릿지,148,111000,34,2006,37,228,929,48,0.363,1.9,1.3,14,24
경기도 성남분당구 정자동,타임브릿지,200,111000,14,2006,37,228,929,48,0.363,1.9,1.3,15,25
경기도 성남분당구 정자동,타임브릿지,148,89000,16,2006,37,228,929,48,0.363,1.9,1.3,15,25
경기도 성남분당구 정자동,타임브릿지,200,109000,7,2006,37,228,929,48,0.363,1.9,1.3,15,25
경기도 성남분당구 정자동,타임브릿지,148,94000,24,2006,37,228,929,48,0.363,1.9,1.3,15,26
경기도 성남분당구 정자동,타임브릿지,148,110000,28,2006,37,228,929,48,0.363,1.9,1.3,15,26
경기도 성남분당구 정자동,타임브릿지,148,70000,34,2006,37,228,929,48,0.363,1.9,1.3,15,26
경기도 성남분당구 정자동,타임브릿지,148,102000,15,2006,37,228,929,48,0.363,1.9,1.3,15,26
경기도 성남분당구 정자동,타임브릿지,148,86000,3,2006,37,228,929,48,0.363,1.9,1.3,15,26
경기도 성남분당구 정자동,타임브릿지,200,115000,15,2006,37,228,929,48,0.363,1.9,1.3,15,28
경기도 성남분당구 정자동,타임브릿지,148,104000,16,2006,37,228,929,48,0.363,1.9,1.3,15,28
경기도 성남분당구 정자동,타임브릿지,171,104000,26,2006,37,228,929,48,0.363,1.9,1.3,15,28
경기도 성남분당구 정자동,타임브릿지,201,140000,23,2006,37,228,929,48,0.363,1.9,1.3,15,29
경기도 성남분당구 정자동,타임브릿지,201,147000,15,2006,37,228,929,48,0.363,1.9,1.3,15,29
경기도 성남분당구 정자동,타임브릿지,171,130000,25,2006,37,228,929,48,0.363,1.9,1.3,15,29
경기도 성남분당구 정자동,타임브릿지,148,100000,32,2006,37,228,929,48,0.363,1.9,1.3,15,29
경기도 성남분당구 정자동,타임브릿지,148,90000,9,2006,37,228,929,48,0.363,1.9,1.3,15,30
경기도 성남분당구 정자동,타임브릿지,200,138000,10,2006,37,228,929,48,0.363,1.9,1.3,15,30
경기도 성남분당구 정자동,타임브릿지,171,130000,35,2006,37,228,929,48,0.363,1.9,1.3,15,31
경기도 성남분당구 정자동,타임브릿지,203,195000,30,2006,37,228,929,48,0.363,1.9,1.3,15,31
경기도 성남분당구 정자동,타임브릿지,148,105000,19,2006,37,228,929,48,0.363,1.9,1.3,15,31
경기도 성남분당구 정자동,타임브릿지,201,135000,20,2006,37,228,929,48,0.363,1.9,1.3,15,31
경기도 성남분당구 정자동,타임브릿지,171,140000,33,2006,37,228,929,48,0.363,1.9,1.3,15,33
경기도 성남분당구 정자동,타임브릿지,148,95000,17,2006,37,228,929,48,0.363,1.9,1.3,15,33
경기도 성남분당구 정자동,타임브릿지,171,140000,33,2006,37,228,929,48,0.363,1.9,1.3,15,34
경기도 성남분당구 정자동,타임브릿지,171,142500,26,2006,37,228,929,48,0.363,1.9,1.3,15,36
경기도 성남분당구 정자동,로얄팰리스,159,77000,11,2003,32,566,738,63,0.482,1.7,0.481,16,1
경기도 성남분당구 정자동,로얄팰리스,166,84200,11,2003,32,566,738,63,0.482,1.7,0.481,16,3
경기도 성남분당구 정자동,로얄팰리스,166,84000,12,2003,32,566,738,63,0.482,1.7,0.481,16,7
경기도 성남분당구 정자동,로얄팰리스,159,80000,12,2003,32,566,738,63,0.482,1.7,0.481,16,9
경기도 성남분당구 정자동,로얄팰리스,159,83500,10,2003,32,566,738,63,0.482,1.7,0.481,16,9
경기도 성남분당구 정자동,로얄팰리스,166,83000,6,2003,32,566,738,63,0.482,1.7,0.481,16,10
경기도 성남분당구 정자동,로얄팰리스,159,81500,31,2003,32,566,738,63,0.482,1.7,0.481,16,10
경기도 성남분당구 정자동,로얄팰리스,159,86000,18,2003,32,566,738,63,0.482,1.7,0.481,16,12
경기도 성남분당구 정자동,백궁 동양파라곤,97,72800,31,2004,32,1113,956,76,0.148,2.3,1.3,15,2
경기도 성남분당구 정자동,분당두산위브파빌리온,105,68000,22,2005,33,1519,906,52,0.522,2.2,0.983,14,2
경기도 성남분당구 정자동,분당두산위브파빌리온,105,68000,7,2005,33,1519,906,52,0.522,2.2,0.983,14,2
경기도 성남분당구 정자동,분당두산위브파빌리온,96,60000,23,2005,33,1519,906,52,0.522,2.2,0.983,14,3
경기도 성남분당구 정자동,분당두산위브파빌리온,105,70500,32,2005,33,1519,906,52,0.522,2.2,0.983,14,3
경기도 성남분당구 정자동,분당두산위브파빌리온,96,61800,32,2005,33,1519,906,52,0.522,2.2,0.983,14,4
경기도 성남분당구 정자동,분당두산위브파빌리온,96,65000,28,2005,33,1519,906,52,0.522,2.2,0.983,14,6
경기도 성남분당구 정자동,분당두산위브파빌리온,96,59700,13,2005,33,1519,906,52,0.522,2.2,0.983,14,7
경기도 성남분당구 정자동,분당두산위브파빌리온,96,65000,21,2005,33,1519,906,52,0.522,2.2,0.983,14,7
경기도 성남분당구 정자동,분당두산위브파빌리온,105,79800,31,2005,33,1519,906,52,0.522,2.2,0.983,14,9
경기도 성남분당구 정자동,분당두산위브파빌리온,96,60500,3,2005,33,1519,906,52,0.522,2.2,0.983,14,10
경기도 성남분당구 정자동,정자 I′PARK,228,90000,28,2002,29,440,1000,77,0.432,1.7,0.431,17,1
경기도 성남분당구 정자동,정자 I′PARK,149,65000,9,2002,29,440,1000,77,0.432,1.7,0.431,17,1
경기도 성남분당구 정자동,정자 I′PARK,93,57000,28,2002,29,440,1000,77,0.432,1.7,0.431,17,1
경기도 성남분당구 정자동,정자 I′PARK,95,55000,12,2002,29,440,1000,77,0.432,1.7,0.431,17,1
경기도 성남분당구 정자동,정자 I′PARK,183,83000,12,2002,29,440,1000,77,0.432,1.7,0.431,17,2
경기도 성남분당구 정자동,정자 I′PARK,147,64900,7,2002,29,440,1000,77,0.432,1.7,0.431,17,2
경기도 성남분당구 정자동,정자 I′PARK,149,73000,17,2002,29,440,1000,77,0.432,1.7,0.431,17,3
경기도 성남분당구 정자동,정자 I′PARK,98,57800,15,2002,29,440,1000,77,0.432,1.7,0.431,17,3
경기도 성남분당구 정자동,정자 I′PARK,95,59000,26,2002,29,440,1000,77,0.432,1.7,0.431,17,3
경기도 성남분당구 정자동,정자 I′PARK,149,75000,24,2002,29,440,1000,77,0.432,1.7,0.431,17,4
경기도 성남분당구 정자동,정자 I′PARK,149,73750,20,2002,29,440,1000,77,0.432,1.7,0.431,17,5
경기도 성남분당구 정자동,정자 I′PARK,95,59500,23,2002,29,440,1000,77,0.432,1.7,0.431,17,5
경기도 성남분당구 정자동,정자 I′PARK,95,56500,12,2002,29,440,1000,77,0.432,1.7,0.431,17,5
경기도 성남분당구 정자동,정자 I′PARK,190,82500,6,2002,29,440,1000,77,0.432,1.7,0.431,17,5
경기도 성남분당구 정자동,정자 I′PARK,238,88391,14,2002,29,440,1000,77,0.432,1.7,0.431,17,6
경기도 성남분당구 정자동,정자 I′PARK,149,79500,15,2002,29,440,1000,77,0.432,1.7,0.431,17,6
경기도 성남분당구 정자동,정자 I′PARK,95,59000,16,2002,29,440,1000,77,0.432,1.7,0.431,17,6
경기도 성남분당구 정자동,정자 I′PARK,95,55000,9,2002,29,440,1000,77,0.432,1.7,0.431,17,7
경기도 성남분당구 정자동,정자 I′PARK,95,57500,16,2002,29,440,1000,77,0.432,1.7,0.431,17,7
경기도 성남분당구 정자동,정자 I′PARK,98,59500,9,2002,29,440,1000,77,0.432,1.7,0.431,17,7
경기도 성남분당구 정자동,정자 I′PARK,183,84500,16,2002,29,440,1000,77,0.432,1.7,0.431,17,8
경기도 성남분당구 정자동,정자 I′PARK,149,77500,26,2002,29,440,1000,77,0.432,1.7,0.431,17,8
경기도 성남분당구 정자동,정자 I′PARK,95,56500,11,2002,29,440,1000,77,0.432,1.7,0.431,17,8
경기도 성남분당구 정자동,정자 I′PARK,190,81000,16,2002,29,440,1000,77,0.432,1.7,0.431,17,8
경기도 성남분당구 정자동,정자 I′PARK,238,97000,12,2002,29,440,1000,77,0.432,1.7,0.431,17,9
경기도 성남분당구 정자동,정자 I′PARK,238,93000,22,2002,29,440,1000,77,0.432,1.7,0.431,17,10
경기도 성남분당구 정자동,정자 I′PARK,95,58000,9,2002,29,440,1000,77,0.432,1.7,0.431,17,10
경기도 성남분당구 정자동,정자 I′PARK,228,95000,27,2002,29,440,1000,77,0.432,1.7,0.431,17,10
경기도 성남분당구 정자동,정자 I′PARK,183,82500,6,2002,29,440,1000,77,0.432,1.7,0.431,17,12
경기도 성남분당구 정자동,타임브릿지,148,87500,9,2006,37,228,929,48,0.363,1.9,1.3,13,1
경기도 성남분당구 정자동,타임브릿지,201,120000,32,2006,37,228,929,48,0.363,1.9,1.3,13,1
경기도 성남분당구 정자동,타임브릿지,200,115000,14,2006,37,228,929,48,0.363,1.9,1.3,13,1
경기도 성남분당구 정자동,타임브릿지,201,124500,20,2006,37,228,929,48,0.363,1.9,1.3,13,2
경기도 성남분당구 정자동,타임브릿지,148,91000,18,2006,37,228,929,48,0.363,1.9,1.3,13,2
경기도 성남분당구 정자동,타임브릿지,201,130000,26,2006,37,228,929,48,0.363,1.9,1.3,13,2
경기도 성남분당구 정자동,타임브릿지,171,104000,21,2006,37,228,929,48,0.363,1.9,1.3,13,2
경기도 성남분당구 정자동,타임브릿지,171,110000,28,2006,37,228,929,48,0.363,1.9,1.3,13,2
경기도 성남분당구 정자동,타임브릿지,148,85000,21,2006,37,228,929,48,0.363,1.9,1.3,13,2
경기도 성남분당구 정자동,타임브릿지,148,82000,5,2006,37,228,929,48,0.363,1.9,1.3,13,2
경기도 성남분당구 정자동,타임브릿지,203,145000,32,2006,37,228,929,48,0.363,1.9,1.3,13,3
경기도 성남분당구 정자동,타임브릿지,203,155000,28,2006,37,228,929,48,0.363,1.9,1.3,13,3
경기도 성남분당구 정자동,타임브릿지,201,115000,13,2006,37,228,929,48,0.363,1.9,1.3,13,4
경기도 성남분당구 정자동,타임브릿지,148,88800,27,2006,37,228,929,48,0.363,1.9,1.3,13,5
경기도 성남분당구 정자동,타임브릿지,148,93000,32,2006,37,228,929,48,0.363,1.9,1.3,13,6
경기도 성남분당구 정자동,타임브릿지,203,145000,25,2006,37,228,929,48,0.363,1.9,1.3,13,7
경기도 성남분당구 정자동,타임브릿지,171,112000,28,2006,37,228,929,48,0.363,1.9,1.3,13,8
경기도 성남분당구 정자동,타임브릿지,200,110000,12,2006,37,228,929,48,0.363,1.9,1.3,13,11
경기도 성남분당구 정자동,타임브릿지,201,134500,14,2006,37,228,929,48,0.363,1.9,1.3,13,11
경기도 성남분당구 정자동,타임브릿지,200,100000,7,2006,37,228,929,48,0.363,1.9,1.3,13,11
